Id,AI,Stat,OOP,SAD,Recomended
100243,3.25,3.0,3.5,3.0,OOP
100244,3.0,3.75,3.5,3.5,Stat
100245,3.5,3.0,3.25,3.5,AI
100246,2.75,3.0,3.75,3.25,OOP
100247,2.75,2.75,3.75,3.25,OOP
100248,3.0,4.0,3.25,3.75,Stat
100249,2.75,3.0,3.25,4.0,SAD
100250,4.0,3.5,3.5,3.75,DL
100251,3.25,3.25,2.75,2.75,BCS
100252,2.75,3.5,3.25,3.25,Stat
100253,4.0,3.5,3.0,3.5,DL
100254,3.0,4.0,3.75,3.25,Stat
100255,4.0,3.25,2.75,3.75,AI
100256,3.75,4.0,3.75,3.0,DL
100257,3.75,3.25,3.25,3.25,AI
100258,3.25,3.0,3.5,2.75,OOP
100259,4.0,3.25,3.75,3.25,AI
100260,3.75,2.75,2.75,2.75,AI
100261,3.75,3.25,2.75,3.0,AI
100262,3.75,3.75,3.25,3.75,DL
100263,3.75,2.75,3.25,2.75,AI
100264,2.75,3.25,4.0,2.75,OOP
100265,3.0,3.0,3.75,3.0,OOP
100266,3.75,4.0,3.25,3.25,DL
100267,3.25,3.0,4.0,3.0,OOP
100268,3.0,4.0,4.0,4.0,Stat
100269,4.0,3.25,3.5,3.5,AI
100270,4.0,3.5,3.5,4.0,DL
100271,3.5,3.0,3.75,3.75,AI
100272,4.0,3.25,4.0,3.25,AI
100273,3.75,4.0,2.75,3.0,DL
100274,3.5,3.25,2.75,3.5,AI
100275,3.5,4.0,3.5,3.0,DL
100276,2.75,3.5,4.0,3.0,Stat
100277,3.75,2.75,3.5,4.0,AI
100278,3.75,3.75,3.25,3.0,DL
100279,3.5,4.0,3.25,3.0,DL
100280,3.25,2.75,3.0,3.0,BCS
100281,3.5,3.0,3.25,3.0,AI
100282,3.5,3.5,2.75,3.25,DL
100283,3.75,3.75,3.0,2.75,DL
100284,4.0,3.0,2.75,3.25,AI
100285,3.25,3.25,3.25,3.25,BCS
100286,2.75,2.75,3.5,3.75,SE
100287,3.25,4.0,2.75,4.0,Stat
100288,4.0,4.0,3.5,2.75,DL
100289,4.0,3.25,3.0,4.0,AI
100290,3.5,2.75,3.5,4.0,AI
100291,2.75,3.0,4.0,3.5,SE
100292,3.75,3.25,3.5,2.75,AI
100293,4.0,3.25,4.0,2.75,AI
100294,4.0,3.75,3.25,3.25,DL
100295,2.75,3.75,3.5,4.0,Stat
100296,3.0,4.0,4.0,3.5,Stat
100297,4.0,3.75,3.75,3.25,DL
100298,2.75,3.0,4.0,4.0,SE
100299,3.5,2.75,3.75,3.0,AI
100300,3.25,3.75,2.75,3.25,Stat
100301,3.5,3.5,4.0,2.75,DL
100302,3.0,3.25,3.75,2.75,OOP
100303,2.75,3.5,4.0,4.0,Stat
100304,3.25,3.5,2.75,3.0,Stat
100305,3.5,3.25,3.25,3.5,AI
100306,3.25,3.5,3.75,3.5,Stat
100307,3.5,3.25,3.25,4.0,AI
100308,4.0,3.75,4.0,3.5,DL
100309,3.25,4.0,4.0,3.75,Stat
100310,2.75,3.75,3.5,3.25,Stat
100311,3.75,4.0,3.25,3.25,DL
100312,4.0,3.75,4.0,2.75,DL
100313,3.25,3.0,3.0,3.5,SAD
100314,4.0,4.0,3.5,3.5,DL
100315,3.5,3.25,2.75,4.0,AI
100316,3.25,3.5,4.0,3.25,Stat
100317,2.75,3.25,2.75,3.5,SAD
100318,2.75,4.0,3.5,4.0,Stat
100319,3.0,3.75,2.75,3.75,Stat
100320,3.75,2.75,3.5,3.0,AI
100321,4.0,3.25,4.0,3.25,AI
100322,4.0,2.75,3.0,3.25,AI
100323,3.5,4.0,4.0,3.25,DL
100324,3.5,3.5,2.75,2.75,DL
100325,2.75,2.75,2.75,2.75,BCS
100326,3.0,3.5,2.75,3.5,Stat
100327,3.5,3.75,3.0,2.75,DL
100328,4.0,3.25,4.0,3.0,AI
100329,3.25,3.0,3.5,3.25,OOP
100330,3.5,4.0,4.0,3.25,DL
100331,3.25,2.75,3.0,2.75,BCS
100332,3.0,2.75,3.5,3.25,OOP
100333,4.0,3.0,3.0,4.0,AI
100334,2.75,3.0,3.5,3.25,OOP
100335,4.0,3.25,3.0,3.0,AI
100336,4.0,3.5,3.75,4.0,DL
100337,3.75,2.75,3.75,3.5,AI
100338,2.75,3.75,2.75,3.75,Stat
100339,3.5,3.75,3.75,3.75,DL
100340,4.0,4.0,4.0,3.5,DL
100341,2.75,3.0,3.75,3.75,SE
100342,3.5,3.75,4.0,3.0,DL
100343,3.25,3.75,4.0,3.25,Stat
100344,3.0,3.25,4.0,2.75,OOP
100345,2.75,3.25,3.5,3.25,OOP
100346,3.75,3.75,2.75,3.5,DL
100347,4.0,3.75,2.75,3.0,DL
100348,2.75,3.75,3.75,2.75,Stat
100349,4.0,3.25,3.75,2.75,AI
100350,2.75,3.5,3.25,3.0,Stat
100351,4.0,3.0,3.25,3.25,AI
100352,3.25,3.0,3.25,2.75,BCS
100353,3.0,3.25,2.75,3.5,SAD
100354,3.25,3.0,3.75,3.25,OOP
100355,3.75,2.75,3.5,4.0,AI
100356,3.5,3.25,3.75,3.75,AI
100357,3.0,3.75,3.0,2.75,Stat
100358,4.0,3.25,3.0,4.0,AI
100359,3.75,3.75,4.0,3.75,DL
100360,2.75,2.75,4.0,3.0,OOP
100361,3.0,4.0,3.0,3.0,Stat
100362,2.75,3.0,3.5,3.25,OOP
100363,3.75,3.5,3.0,2.75,DL
100364,4.0,3.0,2.75,3.25,AI
100365,3.0,4.0,2.75,2.75,Stat
100366,2.75,3.25,3.0,3.25,BCS
100367,3.75,3.75,3.0,3.25,DL
100368,4.0,2.75,2.75,3.0,AI
100369,3.75,3.75,2.75,3.0,DL
100370,3.25,3.75,3.25,3.75,Stat
100371,3.75,3.5,3.75,4.0,DL
100372,3.0,3.0,3.25,3.75,SAD
100373,4.0,3.25,3.5,3.25,AI
100374,3.25,3.75,3.5,3.25,Stat
100375,4.0,4.0,3.0,3.5,DL
100376,3.5,3.0,3.25,3.5,AI
100377,4.0,4.0,3.75,3.5,DL
100378,3.25,3.0,3.0,3.25,BCS
100379,2.75,3.75,3.0,3.5,Stat
100380,3.75,3.5,4.0,3.75,DL
100381,3.0,3.75,3.75,3.75,Stat
100382,2.75,3.75,3.5,4.0,Stat
100383,3.25,3.75,3.0,3.75,Stat
100384,3.0,3.5,3.0,3.25,Stat
100385,4.0,3.0,3.0,4.0,AI
100386,3.25,3.75,3.0,4.0,Stat
100387,3.5,4.0,3.5,3.25,DL
100388,3.75,4.0,2.75,3.0,DL
100389,3.25,4.0,3.0,4.0,Stat
100390,3.5,4.0,2.75,4.0,DL
100391,4.0,2.75,3.25,4.0,AI
100392,2.75,3.0,3.5,3.5,SE
100393,4.0,3.25,3.25,3.0,AI
100394,4.0,3.5,3.25,4.0,DL
100395,3.25,2.75,3.25,3.5,SAD
100396,3.75,3.0,3.0,3.5,AI
100397,3.25,4.0,3.25,3.5,Stat
100398,3.0,3.25,3.0,4.0,SAD
100399,3.0,3.0,3.75,3.75,SE
100400,2.75,3.75,3.0,3.5,Stat
100401,3.0,3.5,3.5,3.75,Stat
100402,3.25,4.0,3.75,3.75,Stat
100403,3.25,4.0,3.0,2.75,Stat
100404,2.75,3.0,3.75,4.0,SE
100405,3.75,3.5,3.75,3.75,DL
100406,3.0,3.0,3.0,2.75,BCS
100407,3.5,3.0,4.0,2.75,AI
100408,3.25,4.0,4.0,3.0,Stat
100409,3.25,3.25,2.75,3.25,BCS
100410,3.5,3.0,3.25,2.75,AI
100411,3.5,3.75,3.75,3.5,DL
100412,2.75,3.5,3.0,3.0,Stat
100413,3.75,3.25,2.75,3.75,AI
100414,3.25,3.25,3.0,4.0,SAD
100415,4.0,3.5,3.0,3.25,DL
100416,2.75,4.0,3.25,4.0,Stat
100417,4.0,4.0,2.75,3.0,DL
100418,2.75,3.75,3.25,3.0,Stat
100419,3.0,3.0,3.0,2.75,BCS
100420,3.0,3.5,3.25,3.0,Stat
100421,3.25,3.5,3.5,3.25,Stat
100422,4.0,3.75,4.0,4.0,DL
100423,2.75,4.0,3.0,2.75,Stat
100424,2.75,3.5,4.0,3.5,Stat
100425,3.25,3.75,2.75,3.25,Stat
100426,3.25,3.0,3.75,3.25,OOP
100427,3.25,3.75,3.75,3.25,Stat
100428,3.75,3.25,3.25,3.0,AI
100429,4.0,3.25,3.5,2.75,AI
100430,4.0,4.0,4.0,3.0,DL
100431,3.25,3.0,3.25,3.0,BCS
100432,3.0,2.75,3.5,3.0,OOP
100433,2.75,3.75,3.5,3.0,Stat
100434,4.0,3.75,3.75,2.75,DL
100435,3.75,3.5,3.0,3.0,DL
100436,4.0,2.75,4.0,3.75,AI
100437,4.0,3.5,3.0,3.75,DL
100438,4.0,2.75,3.5,3.5,AI
100439,4.0,3.0,4.0,3.75,AI
100440,4.0,3.5,4.0,3.0,DL
100441,2.75,3.25,4.0,3.0,OOP
100442,3.0,2.75,3.5,3.0,OOP
100443,3.0,3.0,3.0,3.75,SAD
100444,3.75,3.5,4.0,3.0,DL
100445,2.75,4.0,2.75,4.0,Stat
100446,3.5,3.0,3.0,3.25,AI
100447,2.75,4.0,4.0,3.75,Stat
100448,3.25,3.75,3.75,3.75,Stat
100449,2.75,2.75,3.5,3.5,SE
100450,3.75,3.25,4.0,2.75,AI
100451,3.25,3.0,2.75,2.75,BCS
100452,3.5,4.0,4.0,3.0,DL
100453,3.0,2.75,3.75,3.5,SE
100454,3.5,2.75,3.25,3.75,AI
100455,2.75,3.75,3.75,3.75,Stat
100456,2.75,3.5,3.5,3.75,Stat
100457,3.25,4.0,2.75,4.0,Stat
100458,3.25,2.75,3.75,3.5,SE
100459,4.0,3.0,3.0,3.25,AI
100460,3.75,4.0,3.75,4.0,DL
100461,3.25,3.25,3.0,3.75,SAD
100462,2.75,3.0,3.75,3.0,OOP
100463,2.75,3.5,3.5,3.5,Stat
100464,3.5,4.0,3.5,2.75,DL
100465,3.25,3.25,4.0,3.5,SE
100466,3.5,3.5,3.0,3.75,DL
100467,3.0,3.75,3.5,3.5,Stat
100468,3.0,3.0,3.75,3.25,OOP
100469,3.75,3.0,2.75,3.0,AI
100470,2.75,4.0,3.0,4.0,Stat
100471,3.25,3.75,2.75,3.75,Stat
100472,4.0,2.75,3.75,3.0,AI
100473,3.5,4.0,3.75,4.0,DL
100474,4.0,2.75,2.75,3.5,AI
100475,3.0,4.0,3.75,3.25,Stat
100476,4.0,4.0,3.5,3.0,DL
100477,3.25,2.75,2.75,3.75,SAD
100478,3.25,2.75,3.75,3.0,OOP
100479,3.75,2.75,3.5,3.5,AI
100480,3.5,2.75,3.5,3.25,AI
100481,3.0,3.75,3.75,2.75,Stat
100482,3.5,3.5,4.0,3.0,DL
100483,3.25,3.75,4.0,4.0,Stat
100484,2.75,3.75,2.75,3.25,Stat
100485,4.0,4.0,3.0,3.25,DL
100486,4.0,3.25,3.75,3.5,AI
100487,4.0,3.0,3.75,3.25,AI
100488,2.75,3.75,4.0,3.25,Stat
100489,3.5,3.75,4.0,3.0,DL
100490,2.75,3.25,3.75,3.75,SE
100491,3.5,3.5,3.0,2.75,DL
100492,3.0,4.0,4.0,3.0,Stat
100493,2.75,3.0,2.75,2.75,BCS
100494,3.25,2.75,3.5,2.75,OOP
100495,2.75,2.75,4.0,3.5,SE
100496,3.5,3.0,3.25,2.75,AI
100497,3.75,3.25,3.25,3.5,AI
100498,3.25,2.75,2.75,4.0,SAD
100499,2.75,2.75,3.5,2.75,OOP
100500,4.0,3.75,3.5,3.75,DL
100501,3.5,3.0,3.25,3.0,AI
100502,2.75,3.75,2.75,3.25,Stat
100503,3.5,3.25,4.0,3.25,AI
100504,4.0,3.25,4.0,3.75,AI
100505,2.75,2.75,3.0,2.75,BCS
100506,3.5,3.25,3.0,3.5,AI
100507,3.5,4.0,2.75,3.75,DL
100508,3.75,3.0,3.75,3.25,AI
100509,3.75,3.0,3.75,3.25,AI
100510,4.0,3.0,4.0,4.0,AI
100511,4.0,3.5,2.75,3.5,DL
100512,2.75,4.0,3.0,2.75,Stat
100513,3.25,3.25,3.75,2.75,OOP
100514,3.0,3.5,4.0,3.75,Stat
100515,3.25,3.5,3.5,4.0,Stat
100516,2.75,3.25,3.0,3.5,SAD
100517,4.0,3.0,2.75,3.25,AI
100518,2.75,3.5,3.0,3.0,Stat
100519,3.0,3.5,3.5,2.75,Stat
100520,3.75,2.75,3.25,4.0,AI
100521,3.0,3.75,4.0,3.75,Stat
100522,2.75,3.5,3.0,2.75,Stat
100523,4.0,4.0,4.0,4.0,DL
100524,4.0,3.75,2.75,3.0,DL
100525,3.5,3.5,2.75,2.75,DL
100526,3.5,3.5,3.75,3.25,DL
100527,3.0,4.0,3.25,2.75,Stat
100528,3.5,3.25,3.0,2.75,AI
100529,4.0,4.0,3.0,3.0,DL
100530,3.5,4.0,2.75,3.25,DL
100531,2.75,3.75,3.75,3.0,Stat
100532,3.5,3.75,4.0,2.75,DL
100533,2.75,3.0,3.25,3.0,BCS
100534,3.25,3.0,3.0,3.0,BCS
100535,3.25,3.25,3.0,3.75,SAD
100536,3.5,3.5,3.5,3.25,DL
100537,3.25,3.75,3.5,3.5,Stat
100538,3.0,3.25,3.5,2.75,OOP
100539,3.75,2.75,2.75,3.75,AI
100540,2.75,3.5,3.25,3.75,Stat
100541,3.0,2.75,3.75,4.0,SE
100542,4.0,3.25,3.5,3.25,AI
100543,3.25,3.25,3.25,3.0,BCS
100544,3.0,3.75,4.0,3.25,Stat
100545,3.75,4.0,2.75,3.5,DL
100546,3.0,2.75,4.0,2.75,OOP
100547,3.5,4.0,2.75,3.0,DL
100548,3.0,3.75,2.75,3.25,Stat
100549,2.75,4.0,4.0,2.75,Stat
100550,3.5,3.0,4.0,3.0,AI
100551,4.0,3.75,3.25,4.0,DL
100552,3.0,3.75,4.0,3.5,Stat
100553,3.25,4.0,3.75,3.5,Stat
100554,2.75,3.75,3.75,3.5,Stat
100555,3.75,3.5,4.0,3.5,DL
100556,3.5,3.25,3.5,3.5,AI
100557,2.75,4.0,3.25,2.75,Stat
100558,3.0,4.0,4.0,3.0,Stat
100559,3.5,2.75,3.75,3.25,AI
100560,3.75,3.0,4.0,4.0,AI
100561,3.25,4.0,4.0,3.25,Stat
100562,2.75,2.75,3.25,3.0,BCS
100563,4.0,4.0,3.0,2.75,DL
100564,3.5,3.5,3.5,2.75,DL
100565,2.75,3.0,4.0,3.0,OOP
100566,3.0,2.75,3.5,3.75,SE
100567,4.0,2.75,3.5,3.75,AI
100568,3.75,2.75,3.25,4.0,AI
100569,3.75,2.75,2.75,3.5,AI
100570,3.25,4.0,3.0,3.5,Stat
100571,3.75,3.75,3.5,2.75,DL
100572,3.75,3.25,4.0,3.25,AI
100573,3.75,3.0,4.0,4.0,AI
100574,3.5,3.5,3.0,2.75,DL
100575,4.0,3.0,3.5,3.5,AI
100576,4.0,3.25,3.75,3.5,AI
100577,2.75,2.75,3.5,3.25,OOP
100578,3.25,3.0,2.75,3.0,BCS
100579,2.75,3.75,3.75,4.0,Stat
100580,3.0,3.5,3.0,3.5,Stat
100581,3.25,3.0,3.25,3.75,SAD
100582,3.75,4.0,3.0,3.25,DL
100583,3.5,3.75,3.75,3.5,DL
100584,3.25,3.25,3.0,3.0,BCS
100585,2.75,2.75,4.0,3.75,SE
100586,3.0,3.25,3.5,3.25,OOP
100587,3.75,2.75,3.25,4.0,AI
100588,3.75,2.75,3.5,2.75,AI
100589,4.0,3.75,3.5,4.0,DL
100590,2.75,4.0,3.75,3.0,Stat
100591,4.0,4.0,2.75,2.75,DL
100592,3.5,2.75,3.25,3.75,AI
100593,3.75,3.0,3.0,3.75,AI
100594,3.0,3.5,2.75,3.75,Stat
100595,3.0,3.75,3.25,4.0,Stat
100596,2.75,3.75,4.0,3.0,Stat
100597,4.0,2.75,3.75,3.25,AI
100598,3.0,3.75,2.75,3.0,Stat
100599,3.5,4.0,2.75,3.5,DL
100600,3.75,3.25,3.0,4.0,AI
100601,3.0,3.75,3.0,4.0,Stat
100602,3.75,3.0,3.25,2.75,AI
100603,3.75,2.75,3.75,3.25,AI
100604,2.75,3.5,4.0,3.5,Stat
100605,3.0,3.25,3.5,3.75,SE
100606,3.0,3.0,3.5,3.5,SE
100607,3.25,4.0,3.5,3.5,Stat
100608,2.75,3.75,2.75,2.75,Stat
100609,3.0,4.0,3.75,3.25,Stat
100610,3.25,3.5,3.5,3.25,Stat
100611,3.5,4.0,2.75,3.5,DL
100612,3.0,3.5,3.75,4.0,Stat
100613,3.75,3.75,3.0,4.0,DL
100614,4.0,4.0,4.0,4.0,DL
100615,3.0,3.5,3.75,4.0,Stat
100616,3.5,3.5,3.75,3.0,DL
100617,3.25,3.25,3.5,2.75,OOP
100618,2.75,3.75,3.25,3.5,Stat
100619,3.0,3.25,3.5,3.5,SE
100620,4.0,3.0,4.0,3.75,AI
100621,4.0,4.0,3.25,2.75,DL
100622,3.5,3.0,4.0,3.0,AI
100623,2.75,2.75,4.0,3.75,SE
100624,4.0,3.25,3.5,3.75,AI
100625,4.0,3.0,3.75,3.75,AI
100626,4.0,3.75,3.0,2.75,DL
100627,3.75,2.75,3.0,4.0,AI
100628,3.5,3.75,3.5,3.0,DL
100629,3.75,2.75,3.25,3.5,AI
100630,3.75,3.5,3.75,4.0,DL
100631,2.75,3.5,3.25,3.25,Stat
100632,3.0,3.75,3.5,3.0,Stat
100633,3.5,3.75,3.25,4.0,DL
100634,3.25,3.0,2.75,4.0,SAD
100635,3.0,3.75,4.0,3.0,Stat
100636,3.75,3.25,2.75,3.75,AI
100637,3.5,3.75,3.75,2.75,DL
100638,3.5,3.0,3.0,3.75,AI
100639,3.5,3.5,2.75,3.25,DL
100640,3.0,2.75,4.0,3.0,OOP
100641,2.75,3.0,3.25,4.0,SAD
100642,3.25,4.0,3.75,2.75,Stat
100643,4.0,3.25,3.0,4.0,AI
100644,2.75,4.0,3.5,3.0,Stat
100645,2.75,2.75,3.75,3.25,OOP
100646,3.75,2.75,3.0,4.0,AI
100647,4.0,3.0,2.75,4.0,AI
100648,4.0,4.0,3.25,3.25,DL
100649,3.5,3.75,3.0,3.0,DL
100650,3.0,3.5,3.25,2.75,Stat
100651,2.75,3.5,2.75,3.0,Stat
100652,3.75,4.0,3.25,3.25,DL
100653,3.5,3.25,3.0,2.75,AI
100654,3.0,3.5,3.0,2.75,Stat
100655,3.75,3.5,3.75,4.0,DL
100656,3.75,4.0,4.0,3.75,DL
100657,3.5,2.75,3.0,3.0,AI
100658,2.75,4.0,4.0,3.5,Stat
100659,3.25,3.75,4.0,3.0,Stat
100660,3.5,3.75,3.5,3.75,DL
100661,3.75,2.75,4.0,3.5,AI
100662,3.5,2.75,3.0,3.0,AI
100663,4.0,4.0,3.25,2.75,DL
100664,3.0,3.75,3.5,4.0,Stat
100665,3.5,3.5,3.25,3.0,DL
100666,4.0,3.5,4.0,3.75,DL
100667,3.25,3.75,4.0,4.0,Stat
100668,3.0,3.5,3.5,3.75,Stat
100669,3.25,2.75,3.5,3.0,OOP
100670,3.75,3.75,2.75,3.0,DL
100671,3.25,3.0,3.25,3.0,BCS
100672,3.0,4.0,3.75,3.0,Stat
100673,2.75,3.0,3.5,3.75,SE
100674,3.5,3.75,3.5,3.0,DL
100675,3.0,4.0,2.75,3.5,Stat
100676,3.25,4.0,3.5,3.5,Stat
100677,4.0,3.0,3.5,3.0,AI
100678,4.0,3.0,3.75,3.25,AI
100679,3.5,2.75,3.25,3.0,AI
100680,3.5,3.0,3.75,4.0,AI
100681,3.5,3.75,3.75,3.5,DL
100682,3.0,2.75,3.75,3.25,OOP
100683,3.75,2.75,3.0,3.0,AI
100684,3.25,3.75,3.0,2.75,Stat
100685,3.5,4.0,4.0,4.0,DL
100686,3.75,3.25,3.0,3.5,AI
100687,2.75,3.5,2.75,3.75,Stat
100688,4.0,3.75,3.25,3.25,DL
100689,2.75,3.0,3.0,2.75,BCS
100690,3.25,3.25,3.25,3.75,SAD
100691,3.25,3.5,4.0,3.25,Stat
100692,2.75,4.0,3.75,2.75,Stat
100693,4.0,2.75,3.75,3.5,AI
100694,3.75,3.75,2.75,3.0,DL
100695,3.25,3.25,3.5,3.5,SE
100696,3.25,3.0,3.25,3.0,BCS
100697,3.5,4.0,2.75,3.5,DL
100698,3.5,3.75,3.75,3.75,DL
100699,2.75,3.75,3.0,3.25,Stat
100700,4.0,3.5,3.0,4.0,DL
100701,3.0,3.0,3.5,3.25,OOP
100702,3.75,2.75,3.25,2.75,AI
100703,3.5,3.5,3.5,4.0,DL
100704,2.75,3.25,3.25,3.0,BCS
100705,3.0,3.0,3.5,3.25,OOP
100706,2.75,3.5,4.0,3.0,Stat
100707,3.5,3.5,4.0,3.75,DL
100708,3.25,2.75,3.75,3.0,OOP
100709,3.5,4.0,4.0,3.25,DL
100710,3.75,3.25,3.5,3.25,AI
100711,2.75,4.0,4.0,3.0,Stat
100712,3.0,3.5,2.75,3.75,Stat
100713,3.25,3.5,3.0,3.25,Stat
100714,3.0,3.25,3.75,3.5,SE
100715,3.25,2.75,4.0,2.75,OOP
100716,2.75,4.0,2.75,3.25,Stat
100717,3.25,3.25,4.0,2.75,OOP
100718,4.0,3.25,2.75,2.75,AI
100719,3.0,3.0,3.75,3.5,SE
100720,3.0,4.0,3.0,3.75,Stat
100721,2.75,3.75,2.75,2.75,Stat
100722,3.5,3.0,4.0,4.0,AI
100723,3.25,2.75,4.0,3.5,SE
100724,2.75,3.5,4.0,4.0,Stat
100725,3.25,4.0,2.75,2.75,Stat
100726,2.75,3.25,3.25,4.0,SAD
100727,3.75,3.75,3.25,4.0,DL
100728,3.75,4.0,4.0,4.0,DL
100729,3.0,2.75,4.0,3.0,OOP
100730,3.25,3.75,2.75,3.75,Stat
100731,2.75,3.75,2.75,3.75,Stat
100732,3.75,3.75,3.75,3.25,DL
100733,4.0,3.5,3.0,3.5,DL
100734,3.5,2.75,4.0,2.75,AI
100735,4.0,4.0,3.75,3.25,DL
100736,3.75,3.25,2.75,3.25,AI
100737,2.75,3.5,3.5,3.25,Stat
100738,3.25,2.75,3.75,2.75,OOP
100739,3.75,3.5,4.0,3.25,DL
100740,3.75,2.75,3.5,3.75,AI
100741,2.75,3.25,3.25,3.0,BCS
100742,4.0,3.0,3.5,3.75,AI
100743,3.5,2.75,3.25,3.0,AI
100744,3.0,3.0,3.5,3.25,OOP
100745,3.75,2.75,3.75,3.5,AI
100746,2.75,3.0,4.0,3.5,SE
100747,3.5,3.25,3.75,3.5,AI
100748,3.5,3.0,3.0,2.75,AI
100749,4.0,3.25,4.0,2.75,AI
100750,3.0,3.75,3.0,3.25,Stat
100751,3.0,3.25,3.25,3.25,BCS
100752,2.75,3.25,3.25,3.75,SAD
100753,4.0,3.5,4.0,3.25,DL
100754,3.75,3.0,3.75,3.25,AI
100755,3.75,3.75,3.25,2.75,DL
100756,3.75,3.5,3.5,3.75,DL
100757,2.75,3.0,3.25,3.5,SAD
100758,3.0,3.75,3.0,4.0,Stat
100759,3.5,3.75,3.25,2.75,DL
100760,3.75,3.25,2.75,2.75,AI
100761,3.75,3.0,3.0,2.75,AI
100762,3.0,4.0,2.75,2.75,Stat
100763,3.25,3.0,2.75,4.0,SAD
100764,3.25,3.75,2.75,4.0,Stat
100765,3.5,4.0,4.0,3.25,DL
100766,3.75,3.5,3.0,3.0,DL
100767,4.0,3.25,3.25,3.0,AI
100768,3.5,3.75,3.5,2.75,DL
100769,2.75,3.75,3.0,3.75,Stat
100770,3.25,2.75,4.0,4.0,SE
100771,3.0,3.25,3.5,3.25,OOP
100772,4.0,4.0,2.75,3.25,DL
100773,3.25,4.0,3.5,3.0,Stat
100774,3.0,3.25,3.0,4.0,SAD
100775,4.0,3.25,3.25,2.75,AI
100776,3.25,3.5,3.0,3.25,Stat
100777,3.75,2.75,3.75,4.0,AI
100778,3.0,3.25,3.75,3.0,OOP
100779,4.0,3.5,2.75,3.0,DL
100780,3.0,3.5,3.0,4.0,Stat
100781,4.0,3.5,2.75,3.25,DL
100782,3.75,3.25,3.0,3.75,AI
100783,3.5,3.5,2.75,3.75,DL
100784,4.0,3.75,3.0,4.0,DL
100785,3.5,3.75,3.25,2.75,DL
100786,3.25,2.75,3.0,3.25,BCS
100787,3.75,3.75,3.25,3.75,DL
100788,3.0,4.0,3.0,2.75,Stat
100789,3.0,2.75,3.75,4.0,SE
100790,3.75,3.5,3.75,2.75,DL
100791,3.75,3.75,4.0,3.75,DL
100792,4.0,3.25,3.5,4.0,AI
100793,2.75,3.25,4.0,4.0,SE
100794,3.5,2.75,3.0,3.0,AI
100795,4.0,3.75,2.75,3.25,DL
100796,3.75,3.75,2.75,4.0,DL
100797,4.0,4.0,4.0,3.0,DL
100798,4.0,3.0,3.0,4.0,AI
100799,3.5,3.25,3.75,3.0,AI
100800,2.75,2.75,3.25,2.75,BCS
100801,3.5,2.75,3.75,3.75,AI
100802,3.0,4.0,3.5,3.0,Stat
100803,3.5,4.0,2.75,2.75,DL
100804,4.0,3.0,4.0,3.25,AI
100805,3.75,3.0,3.5,3.25,AI
100806,3.0,4.0,4.0,4.0,Stat
100807,4.0,3.5,3.25,2.75,DL
100808,3.75,3.5,3.5,2.75,DL
100809,2.75,3.75,3.75,2.75,Stat
100810,4.0,3.5,3.0,3.75,DL
100811,3.75,2.75,3.25,3.0,AI
100812,3.0,3.75,4.0,3.25,Stat
100813,3.0,3.75,3.0,3.25,Stat
100814,3.25,3.5,2.75,2.75,Stat
100815,3.75,3.25,3.5,3.5,AI
100816,3.0,3.0,3.5,3.0,OOP
100817,3.25,4.0,3.25,3.5,Stat
100818,3.5,3.25,3.0,3.0,AI
100819,2.75,3.5,3.75,2.75,Stat
100820,3.0,3.25,3.0,3.25,BCS
100821,2.75,3.5,3.0,3.25,Stat
100822,3.5,3.75,3.25,2.75,DL
100823,3.75,3.75,4.0,3.0,DL
100824,3.25,3.75,4.0,2.75,Stat
100825,3.5,3.25,3.75,3.0,AI
100826,4.0,3.75,3.0,3.75,DL
100827,3.25,3.25,3.25,2.75,BCS
100828,2.75,4.0,3.25,3.0,Stat
100829,3.75,3.5,3.0,2.75,DL
100830,2.75,3.0,2.75,3.25,BCS
100831,4.0,3.75,4.0,3.75,DL
100832,3.75,4.0,3.0,3.75,DL
100833,4.0,3.75,3.5,3.0,DL
100834,3.25,3.75,3.5,3.25,Stat
100835,3.25,3.75,4.0,3.75,Stat
100836,3.5,3.25,3.75,4.0,AI
100837,3.75,3.0,4.0,3.5,AI
100838,3.25,3.75,4.0,3.0,Stat
100839,4.0,2.75,3.0,3.5,AI
100840,3.25,3.5,3.75,4.0,Stat
100841,2.75,3.0,3.0,4.0,SAD
100842,2.75,4.0,3.75,3.5,Stat
100843,3.0,3.75,3.5,3.75,Stat
100844,2.75,3.0,4.0,4.0,SE
100845,3.5,3.25,2.75,3.5,AI
100846,3.25,3.75,2.75,3.75,Stat
100847,3.0,2.75,3.25,3.0,BCS
100848,4.0,3.25,3.5,4.0,AI
100849,4.0,3.5,2.75,4.0,DL
100850,3.25,3.0,4.0,3.25,OOP
100851,3.75,3.25,3.0,3.25,AI
100852,3.5,3.0,2.75,3.75,AI
100853,3.5,2.75,3.25,3.0,AI
100854,3.75,3.5,2.75,2.75,DL
100855,3.75,3.25,3.75,2.75,AI
100856,4.0,3.5,3.75,2.75,DL
100857,3.25,2.75,3.25,3.75,SAD
100858,3.25,3.0,3.0,3.0,BCS
100859,4.0,3.75,2.75,2.75,DL
100860,4.0,3.25,4.0,3.25,AI
100861,3.25,3.5,2.75,3.0,Stat
100862,3.25,3.5,2.75,3.0,Stat
100863,3.25,3.25,4.0,4.0,SE
100864,2.75,3.0,3.25,2.75,BCS
100865,2.75,3.75,4.0,3.0,Stat
100866,3.25,2.75,3.25,3.75,SAD
100867,3.0,2.75,3.25,4.0,SAD
100868,3.75,3.0,3.75,4.0,AI
100869,3.0,3.75,3.5,4.0,Stat
100870,4.0,4.0,3.5,3.5,DL
100871,3.25,2.75,3.75,3.25,OOP
100872,3.75,2.75,3.5,2.75,AI
100873,3.5,2.75,3.25,3.0,AI
100874,3.25,3.75,3.25,4.0,Stat
100875,3.75,2.75,3.75,3.0,AI
100876,3.5,2.75,3.75,2.75,AI
100877,2.75,2.75,3.5,3.25,OOP
100878,2.75,4.0,3.0,3.5,Stat
100879,3.75,3.5,3.75,3.5,DL
100880,3.75,2.75,3.25,3.75,AI
100881,3.75,4.0,3.75,4.0,DL
100882,3.0,2.75,4.0,3.25,OOP
100883,2.75,4.0,2.75,2.75,Stat
100884,2.75,3.0,3.25,3.5,SAD
100885,3.5,4.0,2.75,4.0,DL
100886,3.0,3.0,3.75,3.0,OOP
100887,3.75,3.25,4.0,3.25,AI
100888,3.0,3.25,3.25,3.25,BCS
100889,3.0,2.75,3.25,3.75,SAD
100890,3.0,3.25,2.75,3.0,BCS
100891,3.5,2.75,3.75,3.25,AI
100892,3.5,3.5,3.0,3.5,DL
100893,3.75,3.75,4.0,3.75,DL
100894,2.75,3.5,3.75,3.0,Stat
100895,4.0,3.5,4.0,3.5,DL
100896,3.0,4.0,3.25,2.75,Stat
100897,2.75,3.5,3.25,4.0,Stat
100898,3.25,3.25,4.0,3.0,OOP
100899,3.25,3.25,3.0,3.25,BCS
100900,3.25,3.25,2.75,3.75,SAD
100901,3.0,3.25,2.75,3.0,BCS
100902,3.5,3.5,3.25,2.75,DL
100903,2.75,3.0,3.0,2.75,BCS
100904,3.0,2.75,3.75,2.75,OOP
100905,3.5,3.0,2.75,2.75,AI
100906,3.0,3.75,3.75,3.0,Stat
100907,4.0,3.0,3.0,3.75,AI
100908,3.75,3.0,3.0,3.0,AI
100909,3.75,3.0,3.0,3.25,AI
100910,4.0,3.5,4.0,3.25,DL
100911,3.5,3.0,3.25,3.0,AI
100912,3.75,2.75,3.25,3.75,AI
100913,3.25,3.25,3.75,3.5,SE
100914,4.0,3.0,3.25,3.0,AI
100915,2.75,3.75,3.0,3.75,Stat
100916,3.0,4.0,4.0,4.0,Stat
100917,4.0,4.0,4.0,3.75,DL
100918,3.25,3.0,4.0,3.75,SE
100919,3.75,3.75,3.25,3.0,DL
100920,3.25,3.5,3.75,3.5,Stat
100921,2.75,4.0,4.0,3.25,Stat
100922,3.0,3.5,3.0,3.25,Stat
100923,4.0,3.0,3.0,4.0,AI
100924,3.5,4.0,3.0,3.5,DL
100925,3.5,4.0,3.0,3.25,DL
100926,3.0,3.75,2.75,3.25,Stat
100927,3.5,3.25,3.5,3.5,AI
100928,3.25,3.5,3.5,3.75,Stat
100929,3.0,3.0,2.75,2.75,BCS
100930,3.75,2.75,3.25,4.0,AI
100931,4.0,4.0,3.75,3.75,DL
100932,3.5,4.0,3.25,2.75,DL
100933,3.25,2.75,4.0,4.0,SE
100934,4.0,3.75,2.75,3.75,DL
100935,3.75,3.0,3.25,3.25,AI
100936,3.5,3.75,2.75,3.0,DL
100937,3.0,3.25,3.75,3.5,SE
100938,3.75,4.0,3.75,4.0,DL
100939,4.0,3.5,2.75,3.25,DL
100940,3.75,4.0,3.75,2.75,DL
100941,3.25,2.75,3.25,3.0,BCS
100942,3.25,3.5,2.75,4.0,Stat
100943,3.0,3.5,3.75,2.75,Stat
100944,4.0,3.25,4.0,3.75,AI
100945,3.0,3.0,2.75,3.0,BCS
100946,2.75,2.75,2.75,3.25,BCS
100947,3.5,2.75,2.75,3.5,AI
100948,4.0,2.75,3.25,3.0,AI
100949,3.0,3.75,3.75,3.0,Stat
100950,3.0,3.25,3.5,3.75,SE
100951,3.5,3.25,3.0,2.75,AI
100952,3.5,3.0,3.0,4.0,AI
100953,3.5,2.75,3.5,3.0,AI
100954,2.75,3.25,4.0,3.0,OOP
100955,3.75,3.75,4.0,3.25,DL
100956,3.0,3.5,4.0,3.25,Stat
100957,3.5,3.75,3.75,3.5,DL
100958,4.0,3.75,3.0,2.75,DL
100959,3.5,3.5,3.75,4.0,DL
100960,3.0,4.0,3.25,3.25,Stat
100961,2.75,3.75,3.75,3.75,Stat
100962,2.75,3.25,4.0,2.75,OOP
100963,2.75,4.0,3.75,3.0,Stat
100964,4.0,3.25,3.5,3.5,AI
100965,2.75,3.5,3.0,3.75,Stat
100966,3.25,3.0,3.25,3.25,BCS
100967,3.75,2.75,3.5,3.75,AI
100968,3.0,2.75,3.0,2.75,BCS
100969,3.0,3.75,2.75,2.75,Stat
100970,3.25,3.25,4.0,3.0,OOP
100971,3.25,4.0,3.25,3.0,Stat
100972,2.75,3.5,3.0,3.75,Stat
100973,3.25,3.25,2.75,3.75,SAD
100974,2.75,3.75,3.5,3.25,Stat
100975,3.25,3.5,4.0,2.75,Stat
100976,3.5,2.75,3.0,3.25,AI
100977,2.75,3.75,2.75,3.0,Stat
100978,3.25,3.5,3.0,3.25,Stat
100979,2.75,4.0,4.0,3.75,Stat
100980,3.25,4.0,3.5,3.25,Stat
100981,3.5,3.5,4.0,3.25,DL
100982,2.75,3.0,4.0,4.0,SE
100983,2.75,3.25,3.25,3.5,SAD
100984,2.75,2.75,3.25,3.5,SAD
100985,4.0,3.75,3.0,4.0,DL
100986,3.25,3.0,3.75,3.75,SE
100987,3.5,3.0,3.5,4.0,AI
100988,2.75,2.75,2.75,3.0,BCS
100989,2.75,4.0,3.5,3.0,Stat
100990,3.5,3.0,3.5,3.75,AI
100991,3.5,2.75,3.75,3.5,AI
100992,3.0,3.0,3.0,3.25,BCS
100993,4.0,3.0,3.75,3.0,AI
100994,3.25,2.75,3.75,3.25,OOP
100995,2.75,3.75,3.5,4.0,Stat
100996,4.0,3.25,2.75,4.0,AI
100997,2.75,2.75,3.25,3.25,BCS
100998,3.25,4.0,3.25,4.0,Stat
100999,3.25,3.0,2.75,3.25,BCS
101000,3.75,2.75,2.75,3.25,AI
101001,3.5,3.25,2.75,3.75,AI
101002,2.75,3.75,4.0,3.0,Stat
101003,2.75,3.25,4.0,3.0,OOP
101004,3.25,3.5,3.25,3.75,Stat
101005,3.75,3.5,4.0,3.0,DL
101006,3.25,3.75,4.0,3.5,Stat
101007,2.75,3.75,3.5,3.25,Stat
101008,3.0,3.75,3.75,3.25,Stat
101009,2.75,4.0,3.0,3.75,Stat
101010,3.0,3.75,3.0,3.5,Stat
101011,3.75,3.0,4.0,3.5,AI
101012,3.5,4.0,3.0,3.25,DL
101013,4.0,3.0,4.0,4.0,AI
101014,3.75,3.0,3.25,3.75,AI
101015,4.0,2.75,4.0,4.0,AI
101016,3.0,3.0,3.75,3.25,OOP
101017,3.75,3.5,4.0,2.75,DL
101018,4.0,4.0,3.75,2.75,DL
101019,2.75,2.75,3.75,4.0,SE
101020,3.75,3.0,3.0,3.75,AI
101021,2.75,4.0,3.75,3.75,Stat
101022,3.75,3.5,3.0,2.75,DL
101023,3.25,2.75,3.25,3.5,SAD
101024,3.75,3.5,3.5,4.0,DL
101025,3.0,3.25,3.75,3.25,OOP
101026,2.75,3.25,2.75,3.0,BCS
101027,2.75,3.25,3.25,2.75,BCS
101028,3.5,3.0,4.0,3.75,AI
101029,3.25,3.75,4.0,3.75,Stat
101030,4.0,2.75,3.5,3.25,AI
101031,4.0,3.75,3.25,3.5,DL
101032,2.75,3.25,4.0,3.5,SE
101033,3.75,3.5,3.5,3.0,DL
101034,3.5,3.5,3.25,3.75,DL
101035,3.25,3.25,4.0,3.25,OOP
101036,3.0,3.0,4.0,2.75,OOP
101037,3.75,3.75,3.25,3.25,DL
101038,2.75,3.25,3.75,3.5,SE
101039,3.0,3.5,3.5,3.75,Stat
101040,3.5,2.75,4.0,3.25,AI
101041,4.0,3.0,3.25,3.5,AI
101042,3.0,3.25,2.75,2.75,BCS
101043,2.75,2.75,3.5,4.0,SE
101044,3.25,3.5,2.75,4.0,Stat
101045,3.0,3.0,3.0,2.75,BCS
101046,3.0,3.75,3.25,3.25,Stat
101047,2.75,3.75,3.5,3.5,Stat
101048,3.0,4.0,3.5,4.0,Stat
101049,3.25,4.0,3.25,3.75,Stat
101050,3.75,2.75,2.75,3.0,AI
101051,3.5,3.0,3.25,3.0,AI
101052,4.0,3.25,2.75,3.75,AI
101053,2.75,3.5,3.25,3.25,Stat
101054,4.0,3.5,3.75,3.25,DL
101055,3.25,4.0,3.0,3.75,Stat
101056,2.75,3.5,3.25,3.25,Stat
101057,2.75,3.75,3.0,3.25,Stat
101058,3.75,2.75,4.0,3.0,AI
101059,3.5,3.25,3.75,4.0,AI
101060,3.5,3.75,3.75,3.5,DL
101061,4.0,2.75,4.0,3.0,AI
101062,3.25,3.5,2.75,3.5,Stat
101063,3.5,4.0,3.25,3.0,DL
101064,3.75,3.75,3.5,3.25,DL
101065,2.75,4.0,3.25,3.25,Stat
101066,4.0,3.5,3.25,3.75,DL
101067,4.0,2.75,3.0,3.5,AI
101068,4.0,3.0,3.0,2.75,AI
101069,3.25,2.75,3.25,3.25,BCS
101070,4.0,4.0,3.5,3.25,DL
101071,3.0,3.75,3.5,4.0,Stat
101072,2.75,3.5,3.5,3.5,Stat
101073,3.5,3.75,2.75,2.75,DL
101074,2.75,3.25,3.0,2.75,BCS
101075,3.5,3.5,2.75,2.75,DL
101076,3.5,3.25,4.0,4.0,AI
101077,2.75,3.75,2.75,2.75,Stat
101078,4.0,3.5,2.75,3.5,DL
101079,3.5,3.75,3.5,4.0,DL
101080,3.25,3.25,3.0,2.75,BCS
101081,4.0,3.5,3.25,4.0,DL
101082,3.25,3.5,3.25,2.75,Stat
101083,2.75,3.0,3.0,3.25,BCS
101084,4.0,2.75,4.0,4.0,AI
101085,3.25,4.0,2.75,3.5,Stat
101086,3.0,3.5,4.0,3.5,Stat
101087,2.75,2.75,4.0,3.25,OOP
101088,3.5,3.25,3.25,3.75,AI
101089,4.0,3.0,2.75,2.75,AI
101090,4.0,3.0,2.75,4.0,AI
101091,2.75,3.25,3.5,3.5,SE
101092,2.75,3.75,3.0,3.0,Stat
101093,3.0,3.25,3.0,3.5,SAD
101094,3.25,4.0,3.0,3.0,Stat
101095,4.0,3.0,4.0,3.25,AI
101096,3.5,4.0,3.75,4.0,DL
101097,3.0,3.25,2.75,3.25,BCS
101098,2.75,4.0,3.5,3.75,Stat
101099,3.25,3.0,2.75,3.0,BCS
101100,3.5,2.75,3.25,4.0,AI
101101,3.0,3.5,3.25,3.25,Stat
101102,3.25,3.25,2.75,3.25,BCS
101103,3.0,3.5,2.75,3.25,Stat
101104,3.75,3.75,3.5,4.0,DL
101105,4.0,2.75,2.75,2.75,AI
101106,4.0,3.75,4.0,3.0,DL
101107,3.25,2.75,3.75,3.5,SE
101108,3.5,3.25,3.75,4.0,AI
101109,4.0,3.0,3.0,4.0,AI
101110,3.5,2.75,3.5,3.0,AI
101111,3.25,4.0,3.0,3.0,Stat
101112,2.75,4.0,2.75,4.0,Stat
101113,2.75,3.5,3.25,3.25,Stat
101114,4.0,3.75,3.0,3.0,DL
101115,4.0,2.75,3.75,3.5,AI
101116,2.75,2.75,4.0,4.0,SE
101117,3.0,4.0,4.0,4.0,Stat
101118,3.0,3.5,3.5,4.0,Stat
101119,3.0,3.5,2.75,3.5,Stat
101120,3.5,3.0,2.75,3.0,AI
101121,4.0,3.25,3.5,3.25,AI
101122,3.0,3.0,3.0,3.25,BCS
101123,3.0,4.0,3.0,3.75,Stat
101124,3.25,3.75,3.0,4.0,Stat
101125,3.5,2.75,2.75,3.0,AI
101126,4.0,3.25,3.75,3.75,AI
101127,3.75,3.25,2.75,4.0,AI
101128,3.25,3.75,3.0,3.5,Stat
101129,3.25,3.25,4.0,4.0,SE
101130,3.25,3.75,3.5,4.0,Stat
101131,3.75,3.0,4.0,3.75,AI
101132,3.75,3.5,3.5,3.0,DL
101133,3.75,2.75,3.75,3.5,AI
101134,2.75,4.0,4.0,3.25,Stat
101135,3.5,3.25,2.75,3.5,AI
101136,3.0,3.75,3.0,2.75,Stat
101137,3.5,2.75,3.75,4.0,AI
101138,4.0,2.75,3.25,3.5,AI
101139,3.5,4.0,3.0,3.75,DL
101140,3.0,3.0,2.75,4.0,SAD
101141,4.0,4.0,2.75,3.25,DL
101142,3.0,2.75,3.5,3.75,SE
101143,3.25,3.5,3.0,4.0,Stat
101144,3.0,2.75,3.75,2.75,OOP
101145,3.25,3.25,3.75,3.5,SE
101146,3.5,3.25,3.25,4.0,AI
101147,3.5,3.75,3.5,4.0,DL
101148,2.75,3.25,3.25,4.0,SAD
101149,3.75,3.25,3.0,3.25,AI
101150,3.0,4.0,4.0,3.25,Stat
101151,3.5,3.0,3.75,3.25,AI
101152,3.75,3.25,3.5,3.5,AI
101153,3.5,2.75,3.5,4.0,AI
101154,4.0,2.75,3.0,3.75,AI
101155,3.25,3.25,2.75,4.0,SAD
101156,3.25,4.0,3.0,3.75,Stat
101157,3.0,2.75,3.5,3.5,SE
101158,3.5,3.0,3.25,3.75,AI
101159,3.5,2.75,2.75,3.5,AI
101160,3.5,3.75,3.5,3.75,DL
101161,2.75,3.5,3.0,3.0,Stat
101162,2.75,3.75,3.0,3.75,Stat
101163,3.0,3.0,3.75,3.25,OOP
101164,3.0,3.5,2.75,3.25,Stat
101165,3.75,3.25,4.0,4.0,AI
101166,3.0,3.0,3.5,2.75,OOP
101167,3.25,4.0,3.0,2.75,Stat
101168,3.25,3.0,3.0,4.0,SAD
101169,4.0,3.0,3.75,3.0,AI
101170,2.75,3.0,3.5,3.5,SE
101171,3.5,3.75,3.75,3.0,DL
101172,3.5,3.75,4.0,3.0,DL
101173,2.75,3.25,3.0,3.25,BCS
101174,3.5,3.25,3.5,4.0,AI
101175,3.25,3.0,3.5,3.0,OOP
101176,3.75,3.5,3.25,3.5,DL
101177,3.0,4.0,3.5,3.25,Stat
101178,3.75,2.75,4.0,3.75,AI
101179,3.5,3.0,3.0,3.25,AI
101180,3.0,4.0,3.0,3.25,Stat
101181,2.75,3.5,3.5,3.0,Stat
101182,3.75,3.5,2.75,3.0,DL
101183,3.25,2.75,3.0,2.75,BCS
101184,3.5,3.25,3.0,4.0,AI
101185,3.25,4.0,2.75,3.75,Stat
101186,3.25,2.75,4.0,3.5,SE
101187,3.5,3.75,3.25,3.25,DL
101188,3.25,2.75,3.75,3.25,OOP
101189,2.75,3.5,4.0,2.75,Stat
101190,3.5,3.5,4.0,3.5,DL
101191,3.75,4.0,3.5,3.0,DL
101192,2.75,3.5,3.75,3.25,Stat
101193,3.5,3.25,3.0,3.5,AI
101194,4.0,3.25,3.0,4.0,AI
101195,4.0,4.0,4.0,3.5,DL
101196,2.75,3.5,3.5,3.0,Stat
101197,3.0,2.75,3.0,3.75,SAD
101198,2.75,3.0,2.75,3.5,SAD
101199,3.5,2.75,3.75,3.75,AI
101200,2.75,3.0,3.25,3.75,SAD
101201,4.0,3.5,2.75,4.0,DL
101202,2.75,3.5,3.5,3.75,Stat
101203,3.75,4.0,2.75,3.5,DL
101204,4.0,3.25,4.0,3.0,AI
101205,4.0,3.0,3.0,3.0,AI
101206,3.25,4.0,4.0,3.25,Stat
101207,3.5,3.75,4.0,3.75,DL
101208,2.75,2.75,3.25,2.75,BCS
101209,2.75,3.5,3.5,3.5,Stat
101210,2.75,3.25,3.0,3.0,BCS
101211,3.75,3.0,3.0,3.5,AI
101212,3.5,2.75,3.75,4.0,AI
101213,3.75,3.75,3.25,2.75,DL
101214,3.25,3.75,3.75,3.75,Stat
101215,3.0,3.25,3.75,3.5,SE
101216,2.75,2.75,3.5,2.75,OOP
101217,3.0,3.0,4.0,4.0,SE
101218,4.0,2.75,3.0,3.0,AI
101219,3.0,3.5,3.0,3.5,Stat
101220,4.0,4.0,2.75,4.0,DL
101221,2.75,3.75,3.75,3.25,Stat
101222,2.75,3.25,3.25,3.75,SAD
101223,2.75,3.75,3.25,2.75,Stat
101224,3.25,3.0,2.75,2.75,BCS
101225,3.25,3.0,3.5,3.75,SE
101226,3.25,2.75,3.75,3.75,SE
101227,3.75,3.5,4.0,3.25,DL
101228,4.0,4.0,4.0,3.75,DL
101229,3.0,3.75,3.75,2.75,Stat
101230,2.75,4.0,3.75,4.0,Stat
101231,2.75,3.0,3.25,4.0,SAD
101232,3.0,3.25,3.5,4.0,SE
101233,4.0,3.5,3.5,4.0,DL
101234,3.5,3.75,3.25,3.25,DL
101235,3.25,3.75,3.5,3.0,Stat
101236,3.5,4.0,2.75,3.25,DL
101237,3.5,3.0,4.0,3.75,AI
101238,3.75,3.0,4.0,3.25,AI
101239,3.5,4.0,3.75,3.0,DL
101240,3.0,3.5,3.0,3.0,Stat
101241,4.0,3.25,3.5,4.0,AI
101242,3.25,4.0,2.75,4.0,Stat
